sku,name                                   
BOK07519,The Carol Singers Sterndale-Bennett
BOK09205,16 Country Dance Tunes and Dances from the early 18th Century
BOK08877,Archer: Introduction & Cornet Rondo for Organ
BOK08855,Session Time Bassoon - Wastall
BOK08836,Trombone TC Grades 1-8
BOK08834,Star Turn for Horn in Eb and Piano, Grades 3-5 - Glyn
BOK08833,Five Party Pieces for trombone and Piano
BOK08802,Play time Stage 5
BOK08801,Play time Stage 4
BOK08768,Technic Lessons - Primer - Bastien
BOK08734,Six Rhythmic Pieces for Bb Instruments (BC) - Ridgeon
BOK08732,Polka from Age of Gold by Shostakovich, for Woodwind Quartet
BOK08731,Canterbury Ayre for Woodwind Quartet - Raum
BOK08724,Adagio in sol minore for organ - Giazooto
BOK08722,Fiddle Fancies - Seven Short Pieces for Violin - Carse
BOK08715,Let's Make The Grade Book 2
BOK08711,Selection of Concone Studies for Trumpet - Reinhardt
BOK08707,Up Front for Saxophone
BOK08706,Girl Names for Clarinet and Piano - Wilson
BOK08703,O Mistress Mine - Brammeld
BOK08696,Harominzation of melodies at the keyboard book 3 - Pilling
BOK08689,Contrasts for Piano - Last
BOK08667,Party Pieces for Trombone and Piano - Goddard
BOK08665,Star Turn for Horn in F and Piano
BOK08664,Modal, for Basson and Piano - Wilson
BOK08660,Presto in F - Haydn
BOK08653,Trinity Electronic Keyboard Grade 7 from 2003 Pieces and Technical Work
BOK08645,Trinity Guildhall Violin Grade 5 2010-2015 Part Only
BOK08644,Trinity Guildhall Violin Grade 4 2010-2015 Part Only
BOK08642,Trinity Guildhall Violin Grade 3 2010-2015 Part Only
BOK08641,Trinity Guildhall Violin Initial 2010-2015 Part Only
BOK08604,ABRSM Clarinet Exam Pieces Grade 3 2008-2013 - Part Only
BOK08596,Avril Lavigne - Let Go
BOK08592,Alejandro - Plus 19 Top Hits
BOK08591,Lucie Silvas - Breath In
BOK08588,The Enemy - We'll Live and Die in these Towns
BOK08584,Starsailor - On The Outside
BOK08582,Natasha Bedingfield - N.B.
BOK08581,Blue - All Rise
BOK08573,Turin Breaks - The Optimist LP
BOK08570,Morning Has Broken - Traditional Lilac Series
BOK08568,Pachelbel Canon - Johann Pachelbel Lilac Series
BOK08567,Maple Leaf Rag - Scott Joplin Lilac Series
BOK08565,Mazurka Opus 33 No.1 - Chopin Lilac Series
BOK08564,Ich Liebe Dich - Grieg Lilac Series
BOK08560,Intermezzo-Romance from Petite Suite - Borodin Lilac Series
BOK08559,The Skye Boat Song - Traditional Lilac Series
BOK08557,Morning - Grieg Lilac Series
BOK08556,The Swan (From the Carnival of Animals) - Saint-Saens Lilac Series
BOK08555,March Heroique - Saint-Saens Lilac Series
BOK08554,St.Anthony Chorale - Brahms Lilac Series
BOK08552,Toccata in D Minor - J.S.Bach Lilac Series
BOK08549,Last Spring - Grieg Lilac Series
BOK08547,Skater's Waltz - Waldteufel Lilac Series
BOK08546,The March from Symphony Pathetique - Tchaikovsky Lilac Series
BOK08544,Air on a G String - J.S.Bach Lilac Series
BOK08543,William Tell - Rossini Lilac Series
BOK08539,Minutes - Handel & Boccherini Lilac Series
BOK08538,To A Wild Rose - MacDowell Lilac Series
BOK08537,To A Spring - Anitras Dance - Grieg - Lilac Series
BOK08534,Trumpet Voluntary - Purcell Lilac Series
BOK08532,Tritsch Tratsch Polka - Strauss Lilac Series
BOK08531,Sheep May Safely Graze - Bach Lilac Series
BOK08527,Poem - Fibich Lilac Series
BOK08525,The Largo from the New World Symphony - Dvorak Lilac Series
BOK08523,Tales from the Vienna Woods - Strauss Lilac Series
BOK08522,Solfeggietto - P.E.Bach Lilac Series
BOK08521,Rondo Alla Turca - Mozart Lilac Series
BOK08520,Pizzicati - Delibes Lilac Series
BOK08517,Three Famous Chopin Preludes - Chopin Lilac Series
BOK08516,Valse from the Coppelia Ballet - Delibes Lilac Series
BOK08515,The Bridal March (Wagner) and Wedding March Mendelssohn Lilac Series
BOK08514,Waves of the Danube - Ivanovitch Lilac Series
BOK08513,Washington Post March - Sousa Lilac Series
BOK08512,Minute Waltz - Chopin Lilac Series
BOK08511,Valse des Fleurs - Tschaikowsky Lilac Series
BOK08509,Study Opus 10 no.12 Revolutionary Lilac Series
BOK08508,Star of the Sea - Kennedy Lilac Series
BOK08507,Spring Song - Mendelssohn Lilac Series
BOK08505,Snowdrop Waltz - Smallwood Lilac Series
BOK08504,Sleeping Beauty Waltz - Tschaikowsky Lilac Series
BOK08503,Serenade - Schubert Lilac Series
BOK08502,Rose of the Tralee - Glover Lilac Series
BOK08501,Rosebud Waltz - Smallwood Lilac Series
BOK08497,Post Horn Galop - J. Owen Lilac Series
BOK08496,Polonaise - Chopin Lilac Series
BOK08494,Over the Waves - Rosas Lilac Series
BOK08492,Narcissus - Nevin Lilac Series
BOK08490,Melodie d'Amour - Englemen lilac Series
BOK08488,Maidens Prayer - Baderzewska Lilac Series
BOK08484,La Paloma -  Yradier Lilac Series
BOK08483,Invitation to the Waltz - Weber Lilac Series
BOK08471,Dearest Name - Verdi
BOK08469,Funiculi, Funicula - Denza
BOK08468,Flower of Scotland and The Roses of Prince Charlie
BOK08466,The Doll's Song - Offenbach
BOK08465,Windy Nights - Stanford
BOK08461,The Grace of Life - Thompson
BOK08460,Bailero - D'auvergne
BOK08458,Callers - Brahms
BOK08457,Air Falalalo - Johnston
BOK08456,The Blue Bird - Stanford
BOK08454,O Rejoice That The Lord Has Arisen! - Mascagni
BOK08453,Hark! The Echoing Air - Purcell
BOK08450,Psalm 150 - Franck
BOK08449,Triumphal Scene - Verdi
BOK08448,Son De Camaguey - Hatfield
BOK08447,When I Am Laid In Earth - Purcell
BOK08446,Music For A While - Purcell
BOK08445,I Attempt From Love's Sickness To Fly - Purcell
BOK08444,The Man In The Moon - Thiman
BOK08443,The Lotus - Schumann
BOK08442,The Little Sailor - arr.Cockshott
BOK08441,On The Back Of An Eagle - Telfer
BOK08440,How Soft, Upon The Ev'ning Air - Dunhill
BOK08439,Once In Love With Amy - Loesser
BOK08438,Sicilian River Song - Jacobson
BOK08437,Skippets,. The Bad One - Ford
BOK08436,Sky Songs - Benger
BOK08435,Speed Your Journey - Verdi
BOK08434,The Lion Tamer - Rowley
BOK08433,Beati Quorum Via - Stanford
BOK08427,O Lord God Of Hosts - Purcell
BOK08426,O Lord God - Marlow
BOK08424,O Domine Deus - Jeffreys
BOK08423,Hallelujah Chorus - Handel (Schirmer)
BOK08419,Ascribe Unto The Lord - Wesley
BOK08418,The Sweet Nightingale - Anderson
BOK08417,Shivery Sarah - Nelson
BOK08416,Newlyn Harbour - Brook
BOK08414,Moonsongs - Roe
BOK08413,Meg Merrilies - Milford
BOK08412,After The Gold Rush - Young
BOK08411,The Heavens Are Telling - Haydn
BOK08410,The Rainbow Band - Sharpe
BOK08409,Rejoice In The Lord O Ye Righteous - Holman
BOK08408,Ring Out, Wild Bells - Bainton
BOK08407,Seven Children's Songs - arr.Brahms
BOK08406,The Pedlar's Caravan - White
BOK08405,Waltzing Matilda - Cowan
BOK08404,The Swing - Rowley
BOK08403,The Three Jovial Welshmen - Dunhill
BOK08402,The Tiger - Jenkyns
BOK08399,Where The Bee Sucks - Dr.Arne
BOK08398,The Wizard - Jenkyns
BOK08397,Song For A Baby Sister - Anderson
BOK08396,Spring Goes Walking - Brook
BOK08394,Brindisi (Drinking Song) - Verdi
BOK08392,Annunciation - Tavener
BOK08391,Anvil Chorus - Verdi
BOK08390,Abide With Me - Millard
BOK08387,Sanctus and Benedictus - Gounod
BOK08386,Las Amarillas - Hatfield
BOK08383,The Cricket - Pres
BOK08382,Domine Dilexi - Lawson
BOK08381,The Feast of Palms - Bullard
BOK08379,The Holy City - Adams
BOK08378,Cantata Misericordium - Britten
BOK08377,The Canticle of Brother Sun - Ives
BOK08376,Cantique De Jean Racine op.11 - Faure
BOK08375,Marching Song Time To Rise and Shadow March - Rowley
BOK08374,Snakes - Jenkyns
BOK08373,Somewhere - Parke
BOK08371,I Believe In Springtime - Rutter
BOK08368,My Little White Boat - Dunhill
BOK08366,The Goslings - Bridge
BOK08364,The Heart Worships - Holst
BOK08361,Do Not Go, My Love (High voice) - Hageman
BOK08360,I Love Thee - Grieg - High D
BOK08359,If Thou Art Near & Come, Gentle Death - JS Bach - Low Voice
BOK08357,Devotion (Low Voice) - Strauss
BOK08356,Devotion (High Voice) - Strauss
BOK08355,Sweet Pretty Bird - Stanley
BOK08354,Man Is For The Woman Made - Purcell - C Major
BOK08352,The Encounter - Brull
BOK08351,Dream O' Day Jill - German
BOK08350,Droop Not Young Lover - Handel
BOK08349,Pace, Pace, Mio Dio (Father of Heaven) - Verdi
BOK08348,The Walnut Tree - Schumann
BOK08344,Arise, O Sun No.1 in Db - Day
BOK08343,The Cloths of Heaven (E flat Major) - Dunhill
BOK08341,An Epithalamium (Wedding-Song) - Purcell
BOK08339,I Love Thee - Grieg - Medium in C
BOK08338,O, Falmouth Is A Fine Town - Shaw
BOK08337,Do Not Go, My Love (Low voice) - Hageman
BOK08336,Loveliest of Trees - Moeran
BOK08335,Maranatha - Andrew
BOK08334,Adoro Te - Pitts
BOK08332,Two Spanish Traditional Songs - arr.Neaum
BOK08331,Two Ukranian Folk Songs - arr.Anderson
BOK08330,The Ballad of Semmerwater - Noble
BOK08329,The Ballad of Semmerwater - Gibbs
BOK08328,Silent Noon No.4 in G -Vaughan Williams
BOK08327,Silent Noon No.1 in Db -Vaughan Williams
BOK08326,Wee Hughie - Parke
BOK08325,Sure On This Night Shining Night (Low) - Barber
BOK08324,Sure On This Night Shining Night (High) - Barber
BOK08323,Love Went A-riding - Bridge
BOK08322,How Lovely Are Thy Dwellings - Brahms
BOK08321,Tree At My Window - Jackson
BOK08317,Song of the Toreador - Bizet
BOK08316,The Song of Momus to Mars - Boyce
BOK08315,Solvejg's Lied - Grieg
BOK08313,The Ash Grove - arr.Gordon Jacob
BOK08311,Roses of June - Strauss
BOK08307,Autumn Leaves - arr.Harrop
BOK08306,Autumn Leaves - arr.Simmons
BOK08305,Psalm 23 - Mawby
BOK08304,See The Gipsies - arr.Kodaly
BOK08303,A Ballad Of Trees and The Master - Helyer
BOK08301,Bless The Lord - Carter
BOK08299,Crimson, Ivory, Aquamarine - Hatfield
BOK08297,Arise O Sun - Day
BOK08296,All In The April Evening - Roberton
BOK08295,Malta Yok! - Camilleri - TTBB
BOK08294,Marianina - arr.Parker/Shaw
BOK08293,Lord Maxwell's Goodnight - Grainger
BOK08292,The Lost Chord - arr.Simmons
BOK08291,The Lost Chord - Sullivan - TTBB
BOK08290,My Love's An Arbutus - arr.Nelson
BOK08289,With Cat-Like Tread - Sullivan
BOK08288,Come, All Musicians, Come - Hassler
BOK08286,Fred - Carter
BOK08285,Fear No More The Heat O' The Sun - Willcocks
BOK08283,In Heaven It Is Always Autumn - Holst
BOK08282,I Sing A Song Of The Saints Of God - Taylor
BOK08280,O Bird Of My Delight - Clements
BOK08279,My Love's An Arbutus - Neaum
BOK08278,Sound The Trumpet - Purcell
BOK08277,Two Short Spirituals - Neaum
BOK08276,Time On Our Hands - Simmons
BOK08275,Malta Yok! - Camilleri - SSAA
BOK08274,The Wedding Ring - Russell-Smith
BOK08271,I Am But A Small Voice - Coatesa
BOK08267,On This Day, Earth Shall Ring - Wiggins
BOK08266,The Lord Is My Shepherd - Schubert
BOK08265,Battle Hymn of the Republic - arr.Roberton
BOK08264,The Piper O' Dundee - arr.Clark
BOK08263,Requiem - Camilleri
BOK08262,Rondel - Elgar
BOK08261,Sing We Merrily - Ryan
BOK08260,Takin' Names/Where Shall I Be? - arr.Davies
BOK08259,When On My Sick Bed I Languish - Purcell
BOK08258,O Lovely Heart - Roberton - TTBB
BOK08257,The Deil's Awa' - arr.Roberton
BOK08256,Dana Dana - Bardos
BOK08255,Bobby Shaftoe - arr.Walters
BOK08254,Charlottown - James
BOK08253,The Song of Ruth - Cantata - White
BOK08250,I Believe - Graham/Shirl/Stillman
BOK08249,The Windmills Of Your Mind - Legrand
BOK08248,Homeward Bound - Keen
BOK08246,Dover Beach - Kelly
BOK08245,The Gregorian Highway Code
BOK08244,Scene from The Magic Flute - Mozart
BOK08242,Awake the Trumpet's Lofty Sound - Handel
BOK08241,The Grateful Concert Round! - Wilberg
BOK08240,Serenade To Music - Vaughan Williams
BOK08237,Over The Hills, The Old Man From Kilkenny, If - Parke
BOK08236,Sleep My Baby - Rowley
BOK08235,Song of the Bluebell Wood - Betty Roe
BOK08233,O Be Joyful In The Lord - Hancock
BOK08230,Omens of Spring - W.H.Anderson
BOK08229,The Hermit - Bell/Nelson
BOK08227,The Little Spanish Town - Jenkyns
BOK08226,Rocking in Rhythm - Coghlan
BOK08224,A Spring Song - Bridge and Howitt
BOK08223,Bear Thou my Weeping - Handel
BOK08222,Whiskers, from Lions and Crocodiles - Roberton
BOK08221,I Wish - Graves
BOK08218,The Owls - Jenkyns
BOK08216,The Jumblies - Gibbs and Lear
BOK08215,The Jovial Beggar - Nicholls
BOK08214,Songs for Joanna - Nelson
BOK08213,Grasshopper Green - Austin
BOK08212,The Gipsy Girl - Milford
BOK08211,Good morrow to you. Springtime - Robertson
BOK08210,Ghosts in the Belfry - Nelson
BOK08208,Two 18th Century Songs
BOK08207,Trick or Treat - Three songs for Hallowe'en
BOK08206,Ten Ponder and William Songs - Betty Roe
BOK08205,We Can Make A Difference
BOK08204,The Zoo - A song cycle for young voices
BOK08203,Two Songs from The Wandering Moon - Reeves and Cope
BOK08202,The Watchmaker's Shop - ed. Diack
BOK08199,Sweet Chance That Led My Steps Abroad
BOK08198,Silver - Mare and Gibbs
BOK08196,Linden Lea - Barnes and Williams
BOK08195,If there were dreams to sell - Ireland and Beddoes
BOK08194,I have twelve oxen - English and Ireland
BOK08193,Dream Valley - Quilter and Blake
BOK08192,A Song of Shadows - Mare and Gibbs
BOK08191,Over the Mountains - Quilter
BOK08188,Money, O!, in G minor
BOK08187,Land of Hope and Glory - Elgar
BOK08186,The Holy City, in Db - Adams
BOK08185,Sing a Song of Sixpence
BOK08184,The Torch - Elgar
BOK08183,Little Polly Flinders
BOK08182,Ich Liebe Dich - Grieg
BOK08181,It Was The Lovely Moon - Bury
BOK08180,Silent Worship in A - Handel
BOK08179,Nursery Rhyme of Innocence and Experience - Betty Roe
BOK08177,Come Sing & Dance - Howells
BOK08176,The Water Mill - Williams and Shove
BOK08175,Gavotte - Howells and Newbolt
BOK08172,Young Love Lies Sleeping - Somervell
BOK08169,Chasing Cars - SATB arrangement
BOK08168,There's a Hero - Cook & Jarvis
BOK08165,Georgia On My Mind
BOK08163,Buffalo Gals - Chilcott
BOK08161,California Dreamin'
BOK08159,Don't Cry For Me, Argentina
BOK08157,O Music - Lowell Mason, arr. Doreen Rao
BOK08154,My Love Dwelt In Northern Land - Elgar
BOK08153,Rejoice in the Lord alway - Anon
BOK08152,Her Song, Key of F - Ireland
BOK08151,Her Song, Key of A - Ireland
BOK08150,Who Is Sylvia? - Schubert
BOK08148,Praise Ye The Lord - Bantock
BOK08147,Cradle Song - Byrd
BOK08146,Magnificat and Nunc Dimittis - Dyson
BOK08145,I-Magnificat - Bairstow
BOK08144,Magnificat and Nunc Dimittis - Burgon
BOK08141,I Know a Bank - Shaw - in Bb
BOK08140,The Holy City - Adams - in Bb
BOK08138,I leave my heart in an English garden - Davies in C
BOK08135,The Shepherd on the Rock - Schubert High Bb & clarinet
BOK08134,When the stars were brightly shining (Tosca) - Puccini in B minor
BOK08132,The Shepherd's Song - Elgar
BOK08130,Vilia ( Merry Widow) - Lehar in F
BOK08129,Where the bee sucks - Arne in G
BOK08128,Qui La Voce Sua Soave (I Purirani) - Bellini - Sop
BOK08127,Selva Opaca, Deserta Brughiera (William Tell) - Rossini - Sop
BOK08121,Deh, viene alla finestra (Don Giovanni) - Mozart - Baritone
BOK08120,Rule Britannia & God Save the Queen
BOK08119,Still As The Night - Bohm in Db
BOK08118,Still As The Night - Bohm in Bb
BOK08116,September in the Rain - H Warren
BOK08115,Voi, Che Sapete (Marriage of Figaro) - Mozart -High/medium/low
BOK08114,A Song of Shadows Armstrong Gibbs in Eb
BOK08113,To The Children - Rachmaninoff
BOK08109,Whales - Swimming Free - D Coombes
BOK08107,Zueigning (Devotion) - R Strauss - high voice
BOK08105,Come Back to Sorento E D Curtis in E
BOK08104,Song to the Seals (Songs of The Western Isles) - Bantock in Eb
BOK08103,La Serenata - Tosti in F
BOK08100,The Shades of Night ( Fair Made of Perth) - Bizet -Tenor
BOK08099,Spring - Grieg in F
BOK08098,Still As The Night - Bohm in C
BOK08097,Songs My Mother Taught Me - Dvorak  in Bb
BOK08096,The Stuttering Lovers - H Hughes in A
BOK08095,The Stuttering Lovers - H Hughes in G
BOK08093,In A Monastery Garden - Ketelbey in G
BOK08092,If My Songs Were Only Winged - Hahn in D
BOK08091,He was the One & A Grateful Heart - M Plumstead
BOK08090,O Rest in the Lord (Elijah) - Mendelssohn - Alto in C
BOK08089,Oh! I Entreat Thee, Sire (Turandot) - Puccini inGb
BOK08088,Nymphs and Shepherds - Purcell - Sop/Tenor
BOK08085,Ninna-Nanna Lullagy - Brahms
BOK08084,My mother bids me bind hair - Haydn
BOK08083,Musetta's Waltz Song (La Boheme) - Puccini Sop in D
BOK08082,Nessun Dorma - Puccini - Tenor F Major
BOK08081,Nessun Dorma - Puccini - Tenor G Major
BOK08080,Vissi d'arte (Tosca) - Puccini - Sop Eb
BOK08078,Marechiare - Tosti
BOK08077,Mother, I will have a husband - Gordon Jacob
BOK08076,My Heart Ever Faithful - Bach - Soprano
BOK08075,The Lute Player - Alliston Low - B minor
BOK08074,The Lost Chord - Sullivan
BOK08072,The Lord's Prayer - A H Malotte High Voice
BOK08071,Nursery Rhymes by Beatrix Potter - Headley
BOK08068,Largo (Deep in thy shade) - Handel
BOK08066,Hugh's Song of the Road - Ralph Vaughan Williams
BOK08065,Lewis Bridal Song (Maira's Wedding) - Roberton
BOK08064,The Lass From The Low Countree
BOK08061,My Grandfather's Clock - Henry C Work
BOK08060,O Isis and Osiris guide them - Mozart
BOK08059,O Lord Most Holy - Franck
BOK08058,I will go with my father a-ploughing - Jeffreys
BOK08057,Blow, blow, thou winter wind - Brian
BOK08056,Spring - Handel, arr. Somervell
BOK08055,Gavotte - set to music by Herbert Howells
BOK08054,Les Contes d'Hoffmann - Offenbach
BOK08053,Springtide - Le Printemps - Grieg
BOK08052,Tis the Day - Leoncavallo
BOK08049,Heffle Cuckoo Fair - Kipling & Shaw
BOK08048,Captain Stratton's Fancy - Peter Warlock
BOK07422,Duetto Buffo Di Due Gatti
BOK07382,Whence is That Goodly Fragrance Flowing SATB
BOK07292,The Kingdom SSAA
BOK07294,Winter Wonderland SSA
BOK07456,Catari, Catari
bok07454,Bell Song "Legende"
BOK07448,Blake's Cradle Song
BOK07447,From A Railway Carriage
BOK07446,Come, Come, My Voice
BOK07442,Care Flies From The Lad That Is Merry
BOK07443,Clocks by Alan Simmons
BOK07441,A Clean Wind Blowing
BOK07440,Flunky Jim arr. Brenda Thorne
BOK07438,A Child's Prayer W.H. Anderson
BOK07437,Four Seasonal Songs W.H. Anderson
BOK07435,The Fairy Cobbler
BOK07434,Fairy Lullaby
BOK07429,The Big Red Bus / Grandfather Clock
BOK07428,The Brown Bird's Lullaby
BOK07418,Blow The Wind Southerly
BOK07417,Handel Care Selve High Voice
BOK07402,As Steals The Morn Handel
BOK07364,Sussex Carol - On Christmas Night SATB
BOK07352,When Mary thro' the garden went SATB
BOK07350,Winter Wonderland SATB
BOK07349,Good King Wenceslas SATB
BOK07343,O Little Town Of Bethlehem SATB
BOK07341,Cradle Song  SATB Byrd
BOK07312,The Birds SATB
BOK07304,A Gaelic blessing
BOK07219,The Seven Sorrows SATB
BOK07267,The Love of God SATB
BOK07263,Weep, O Mine Eyes SATB
BOK07254,Laudate Pueri Mozart SATB
BOK07253,Polyphonic Motets 47 O VOS OMNES
BOK07250,Out of the Orient Crystal Skies SATB
BOK07246,Night of Stars and Night of Love SATB
BOK07208,If Music Be the Food of Love Larkin SATB
BOK07204,Te Deum In C The Morning Service Stanford Satb
BOK00784,Beethoven: Messe in C Op86
BOK01010,Brahms: Twenty Famous Songs High Voice
BOK00992,Brahms: 51 Studies for Piano
BOK02310,Furze, J.: Six Little Piano Pieces
ACC00052,Classical Guitar Bridge Saddle
ACC00875-C,Gator Pro-Go Ultimate Ukulele Gig Bag
BOK05407,Sing, Clap and Play the Recorder Book 2
INS00334,Halona Concert Tree of Life Mahogany Ukulele
BOK09491,Encanto - Ez Play Today
BOK09492,Adele: 25: Easy Piano
ACC00874,Shell Plastic Finger Pick
BOK09493,Banjo Chord Finder
GFT00988,Greetings Card Lots of Love (Female)
GFT00995,Greetings Card Peace On Earth and You (Male)
GFT00993,Greetings Card Hark The Herald Angels Sing
BOK09494,Fiddle Time Joggers (Third Edition) with Downloadable Audio
GFT00994,Greetings Card Harmonious Christmas
BOK09496,ABRSM Pop Performer! Piano - Grade 4-5
BOK09497,Learn As You Play Saxophone - Book and Audio
GFT01007,David Bowie "Ziggy Stardust" Mug (320ml)
GFT01005,The Rolling Stones Logo Mug (320ml) 
GFT01010,The Beatles Revolver Mug (320ml)
(449 rows)

